{"Dividend Date":{"0":1733788800000},"Ex-Dividend Date":{"0":1731369600000},"Earnings Date":{"0":[1738108800000,1738195200000]},"Earnings High":{"0":4.04},"Earnings Low":{"0":3.70783},"Earnings Average":{"0":3.79413},"Revenue High":{"0":17657000000},"Revenue Low":{"0":17538000000},"Revenue Average":{"0":17612110610}}